MALE,FEMALE,LAST NAME
Johnny,Theta,Keys
Dent,Massa,Johnson
Huey,Miranda,Smith
Algo,Plasma,Robertson
Chip,Alice,Powers
Alex,Crash,Kunai
Jack,Akari,Martinez
Dennis,Cassie,Bytes
Hayden,Emmi,Code
Samuel,Caroline,Proton
Charlie,Delta,Skye
Jimmy,Aura,Electron
Scrap,Maria,Santiago
Dexter,Cali,Cho
Takeshi,Cairo,Flux
Steven,Olympia,Deimos
Brutus,Rose,Romero
Wayne,Luna,Soleil
Sigma,Alpha,Roland
Connor,Yuki,Format
Dante,Sasha,Mann
Gabe,Kayla,Lin
Dylan,Maggie,Antonio
Anthony,Chantal,Terra
Greg,Allison,Frye
Isaac,Hayley,Pixel
Silver,May,Swingbit
Shinji,April,Throwdown
Ray,Elena,Chaoz
Dave,Kassandra,Helmut
Arthur,Amy,Kilo
Rodney,Trish,Miller
Henry,Jamie,Armstrong
Viktor,Victoria,Nolan
Sebastian,Akane,West
Tom,Ruby,Eagle
Mike,Mecca,Lammy
Benjamin,Nono,Newal
Tyrone,Theresa,Patel
Ron,Brooke,Chen
Elliot,Ellie,Romano
Axel,Carrie,Rowan
Wilson,Willow,Grid
Chris,Jasmine,Williams
Kenji,Mary,Rivers
Cody,Olivia,Goldberg
Franklin,Beatrix,Steele
Eddie,Mia,Spink
Zack,Penny,Brown
Toby,Lilly,Zenith